name,email,region
Thane Hood,feugiat@google.edu,Rivers
Madeline Roberson,enim.condimentum@icloud.couk,Western Cape
Nehru Neal,mauris.ut@hotmail.couk,KwaZulu-Natal
Aidan Douglas,ligula.aliquam@yahoo.net,Kogi
Tiger Reid,consectetuer.adipiscing@aol.couk,Maranhão
Whoopi Goodman,varius.nam@hotmail.com,Free State
Irma Vasquez,magna@google.org,Free State
Uriah Sherman,aenean.massa@aol.couk,Rivers
Tara Tanner,vestibulum@protonmail.org,Pernambuco
Brandon Haney,nunc.in.at@protonmail.ca,Wigtownshire
Branden Mccoy,mattis.velit.justo@aol.com,Minas Gerais
Burton Clark,diam.luctus@aol.edu,Northern Cape
Wyoming Greer,fames.ac@hotmail.net,Northern Cape
Olga Pena,tellus.imperdiet.non@outlook.ca,Warwickshire
Cleo Bonner,rutrum.justo@google.ca,Eastern Cape
Keiko Velez,fermentum.metus@aol.org,Rivers
Jada Allen,diam@protonmail.com,KwaZulu-Natal
Nathan Estrada,amet@outlook.com,Anambra
Mollie Hayden,nec.ante.blandit@google.com,Bahia
Illiana Pickett,netus.et.malesuada@yahoo.edu,Essex
Plato Brown,blandit.congue@aol.com,Dunbartonshire
Jared Morrow,amet.orci.ut@hotmail.org,KwaZulu-Natal
Judith Hart,augue.scelerisque@aol.com,Northern Cape
Dillon Gilmore,semper.tellus.id@outlook.couk,Minas Gerais
Gregory Norris,neque.in@icloud.edu,Ceará
Grant Mercer,ipsum.ac@protonmail.com,Northamptonshire
Moana Bauer,faucibus@yahoo.ca,North West
Alika Solomon,justo.faucibus.lectus@icloud.edu,Jigawa
Isabelle Estes,ultricies.ornare.elit@icloud.edu,Buckinghamshire
Xander Fischer,lacinia.at@aol.ca,Limpopo
April Doyle,aliquam.nec@yahoo.com,Paraíba
Lyle Pittman,quis.diam.pellentesque@yahoo.couk,Hertfordshire
Aspen Rush,phasellus.in.felis@yahoo.edu,Free State
Desirae Morton,aliquam.vulputate.ullamcorper@protonmail.couk,São Paulo
Axel Fitzpatrick,eleifend.nec@google.couk,Free State
Jocelyn Patton,elit@icloud.ca,North West
Dane Velez,et.euismod@protonmail.couk,Bahia
Hoyt Mcleod,nunc.quis@icloud.couk,Kent
Hiram Foreman,in.sodales@hotmail.edu,Benue
Miriam Thompson,justo.nec@hotmail.org,Kogi
Reagan Williams,magna@icloud.net,Northamptonshire
April Fulton,sed@yahoo.com,Western Cape
Blythe Fletcher,mus.proin@aol.com,Shropshire
Austin Tate,massa.non@aol.com,Limpopo
Carter Boyd,proin.dolor@yahoo.ca,Ayrshire
Jackson Berry,porttitor.tellus.non@icloud.com,Ayrshire
Jolene Burns,quam@protonmail.com,Mpumalanga
Lewis Middleton,felis.purus@protonmail.org,Borno
Chancellor Flynn,metus.urna@icloud.edu,Benue
Anastasia Serrano,scelerisque.scelerisque@outlook.couk,Lancashire
Serena Weeks,ac.fermentum@yahoo.couk,São Paulo
Cassandra Kinney,felis.eget.varius@icloud.edu,Rio Grande do Sul
Jasper Knapp,non.quam@outlook.com,North West
Gavin Delaney,ultrices@hotmail.ca,Borno
Yuri Holman,id.erat@icloud.couk,Fife
Mufutau Dejesus,fusce.aliquet.magna@google.com,Northern Cape
Levi Carlson,est.ac@google.com,Mpumalanga
Zoe Everett,sed@google.ca,Goiás
Haley Maxwell,consectetuer.cursus@outlook.net,Pernambuco
Matthew Adkins,id.magna.et@google.org,Limpopo
Leila Sellers,phasellus.vitae@outlook.ca,Northamptonshire
Xanthus Frye,aliquet.nec@protonmail.net,North West
Tarik Spence,diam.at.pretium@hotmail.ca,Rio de Janeiro
Nell Kerr,eu.ligula@google.edu,Mpumalanga
Shay Sharpe,sed.congue.elit@hotmail.ca,KwaZulu-Natal
Coby Holmes,eu.accumsan@icloud.com,Lagos
Holly Cantrell,bibendum.sed@outlook.com,Limpopo
Castor Fox,dictum.sapien@aol.couk,Goiás
Cherokee Weiss,sagittis.semper@outlook.net,KwaZulu-Natal
Indira Pope,vel.lectus.cum@aol.couk,Bedfordshire
Hoyt Lynch,mi@hotmail.ca,Gloucestershire
Francis Padilla,aenean.euismod@icloud.edu,Morayshire
Madison Guy,lacus.mauris.non@hotmail.com,Maranhão
Meghan Deleon,hendrerit.a.arcu@aol.couk,Mpumalanga
Adrienne Maldonado,id@aol.ca,Rivers
Zelenia Savage,donec@hotmail.com,Northern Cape
Kasper Cash,fusce.mi@protonmail.ca,Bauchi
Julian Shepherd,fermentum.vel@google.couk,Akwa Ibom
Jasmine Slater,lorem@google.com,Ceará
Ann Hamilton,ante.iaculis@hotmail.com,Argyllshire
Olivia Flores,mus.donec.dignissim@icloud.net,Wigtownshire
Evan Stone,sem.egestas@aol.org,Clackmannanshire
Illiana Nelson,a.facilisis@google.couk,Northern Cape
Logan Nielsen,quam.dignissim.pharetra@google.net,Pernambuco
Merrill Mccall,convallis.est@aol.couk,Kogi
Reese Bass,ipsum.sodales.purus@aol.com,Niger
Andrew Ayala,et@icloud.com,Pará
Orlando Mcclain,metus@hotmail.net,Western Cape
Beatrice Harmon,justo.proin@hotmail.ca,North West
Carson Ellis,donec@outlook.org,Gauteng
Blake Hoffman,montes.nascetur@outlook.edu,Kirkcudbrightshire
Sigourney Galloway,nisi.magna@yahoo.ca,Oyo
Amanda Hunt,dui.suspendisse@protonmail.ca,Borno
Tucker Ochoa,quis.pede@icloud.net,Kano
Eric Romero,cursus.in@protonmail.ca,Eastern Cape
Garrett Combs,id@protonmail.com,Kano
Dalton O'connor,gravida@icloud.ca,Bauchi
Jolie Witt,cursus.a@hotmail.couk,Shetland
Pearl Jimenez,ornare@google.couk,Rio Grande do Sul
Norman Ross,est.mauris@icloud.edu,Limpopo
Austin Trujillo,arcu.iaculis@aol.ca,Western Cape
Cara Miles,duis.ac@icloud.edu,Paraná
Yen Ryan,mus@google.net,Mpumalanga
Quemby Deleon,urna.ut.tincidunt@outlook.couk,Brecknockshire
Tyrone Thornton,arcu@outlook.couk,Kaduna
Gage Mcfarland,nulla.eget.metus@aol.org,Paraná
Kevin Moreno,neque.venenatis@icloud.edu,Rivers
Dahlia Wallace,libero.dui@protonmail.couk,Benue
Brian Christensen,turpis.vitae@icloud.net,Gauteng
Joseph Paul,morbi.tristique@protonmail.ca,Rio Grande do Sul
Caleb Carpenter,aliquam.tincidunt.nunc@google.edu,Akwa Ibom
Wynne Decker,non.sollicitudin@icloud.ca,Anglesey
Rose Spears,lorem.vehicula@yahoo.ca,Cambridgeshire
Charde Goodwin,nulla.cras.eu@outlook.org,Stirlingshire
Carson Dawson,odio.phasellus.at@hotmail.edu,Lagos
Kane Key,ornare.facilisis@google.org,Santa Catarina
Yardley Garza,suspendisse@google.couk,Roxburghshire
Pandora Douglas,nunc.ac@protonmail.com,Derbyshire
Nolan Workman,turpis.vitae.purus@hotmail.ca,Maranhão
Lucas Chen,tincidunt.donec.vitae@protonmail.org,Western Cape
Riley Boone,congue.turpis@outlook.org,Limpopo
Florence Holcomb,nunc.mauris.sapien@hotmail.org,Benue
Macy Phelps,at.sem.molestie@google.ca,Borno
Zephr Madden,convallis.erat.eget@google.net,Niger
Elvis Duke,sit.amet.faucibus@aol.org,Jigawa
Quinlan Morrow,iaculis.odio.nam@icloud.edu,Paraná
Xaviera Barker,sit.amet@outlook.couk,Western Cape
Amena Estes,cursus.integer@yahoo.com,Paraná
Bradley Reilly,non.enim@protonmail.couk,Sussex
Ulla Bass,malesuada.integer@google.edu,Worcestershire
Alea Neal,tortor.nibh.sit@yahoo.couk,Sussex
Rhiannon Rivas,duis.volutpat@yahoo.com,Stirlingshire
Echo Potts,nec.ante@outlook.ca,KwaZulu-Natal
Nevada Gilmore,dolor.sit@icloud.com,Herefordshire
Echo Ward,augue.eu@aol.com,Wiltshire
Valentine Pennington,mauris.vel@aol.net,Oxfordshire
Ruby Mcclain,nunc.ullamcorper.eu@google.org,Pernambuco
Maris Joyner,posuere.cubilia@yahoo.couk,Free State
Fulton Lindsey,donec@yahoo.couk,North West
Kaseem Reese,sed.diam@hotmail.couk,Rio de Janeiro
Yael Gentry,mattis@outlook.net,Jigawa
Lana Lambert,risus.duis@hotmail.edu,Oyo
Moses Frazier,fringilla.ornare@outlook.edu,Free State
Oleg Nicholson,iaculis.aliquet@icloud.net,Niger
Brooke Swanson,metus@outlook.org,Maranhão
Tatyana Harvey,dictum@outlook.org,Gauteng
Genevieve Duke,lorem.eu@aol.ca,Northern Cape
Lilah Haynes,porttitor.eros.nec@icloud.org,Mpumalanga
Christian Copeland,massa.mauris@icloud.edu,Hertfordshire
Cedric Torres,est.congue.a@protonmail.edu,Jigawa
Seth Skinner,donec.porttitor@protonmail.org,KwaZulu-Natal
Ishmael Herring,mauris.ut.mi@yahoo.com,Eastern Cape
Madeline Mcguire,id.mollis@protonmail.couk,Paraíba
Valentine Hurst,lorem.sit.amet@google.couk,Bauchi
Chaim Beck,donec@outlook.net,Shetland
Yuri Hurley,eu.lacus@outlook.com,Berwickshire
Hayes Mcintosh,et@outlook.com,Imo
Meredith Lawson,lacus.quisque@aol.couk,São Paulo
Jamal Santana,aliquet.phasellus@icloud.ca,Free State
Hyatt Copeland,leo.in@google.couk,Ceará
Callum Brewer,ultrices.posuere@aol.couk,Limpopo
Lucas Pena,elit.pretium@google.com,Eastern Cape
Ross Barlow,quam.vel@google.edu,Minas Gerais
Naomi Rhodes,non.arcu.vivamus@hotmail.com,Eastern Cape
Lawrence Emerson,elit.aliquam.auctor@outlook.ca,Oxfordshire
Genevieve Mueller,lorem.ipsum.dolor@icloud.ca,North West
Rose Barry,ante.dictum@hotmail.net,Nairnshire
Donovan Wilson,consectetuer@aol.edu,North West
Stuart Jarvis,magna.tellus.faucibus@aol.org,Rio de Janeiro
Emerson Byrd,orci.donec.nibh@aol.com,Kaduna
Pandora Holmes,quam@icloud.ca,Paraíba
Glenna Swanson,proin@protonmail.com,Santa Catarina
Lois Riggs,urna.ut@protonmail.net,Eastern Cape
Ulla Cantrell,nullam.vitae@protonmail.ca,Rio de Janeiro
Daphne Kerr,nunc.in@outlook.ca,North West
Colin Carson,sollicitudin@protonmail.edu,Ogun
Jaden Huffman,morbi.vehicula.pellentesque@yahoo.couk,Akwa Ibom
Anjolie Fleming,mauris.aliquam@yahoo.ca,Pernambuco
Juliet Chen,facilisis.lorem.tristique@hotmail.edu,Cambridgeshire
May Vargas,dolor.donec@protonmail.ca,Western Cape
Lacey Osborne,mollis.integer@protonmail.org,Delta
Preston Solomon,nunc.sed@outlook.org,Wiltshire
Stacey Todd,posuere.vulputate.lacus@hotmail.net,Pará
Alana Sanders,habitant.morbi@protonmail.edu,Nottinghamshire
Destiny Frederick,nec.ante@google.edu,Goiás
Yetta Hickman,fusce.feugiat@protonmail.org,Paraíba
May Cameron,duis@aol.org,Huntingdonshire
Luke Michael,in.faucibus.morbi@google.ca,Bauchi
Amethyst Barnett,fermentum.fermentum@icloud.ca,Anambra
Sacha Townsend,sit.amet@icloud.edu,Kano
Whoopi Shepherd,felis@hotmail.edu,Benue
Haley Lindsay,et.ultrices@yahoo.edu,Minas Gerais
Mari Beach,dis.parturient@yahoo.com,Eastern Cape
Amy Blake,aptent@google.net,Gauteng
Cassady Freeman,dignissim.tempor.arcu@outlook.edu,Shropshire
Emma Dawson,erat.etiam@outlook.edu,Rio de Janeiro
Hammett Livingston,tellus.non@yahoo.couk,Katsina
Ila Gates,suspendisse.non@google.edu,Kano
Ryan Mercado,egestas@yahoo.org,Gauteng
Nigel Richardson,dictum@outlook.couk,KwaZulu-Natal
Cedric Floyd,sociis.natoque@aol.org,West Lothian
Xavier Guerra,ut.nec@yahoo.com,Kaduna
Sydnee Whitfield,dictum.cursus@aol.couk,Eastern Cape
Mark Berg,et.netus@hotmail.ca,KwaZulu-Natal
Merritt Bradshaw,nec@google.net,North West
Brynn Chase,tincidunt.donec.vitae@yahoo.org,Suffolk
Kelsie Garrett,lorem.lorem.luctus@aol.com,Paraná
Erica Dennis,vel.lectus@outlook.edu,Carmarthenshire
Ignacia Hicks,orci.lacus.vestibulum@aol.ca,Worcestershire
Amy Klein,purus@google.couk,Mpumalanga
Bevis Ray,cursus.integer@aol.org,Eastern Cape
Ezekiel James,dolor.fusce.feugiat@yahoo.ca,Rio de Janeiro
Reese Woods,sed.eu@icloud.org,Eastern Cape
Lillian Evans,imperdiet@hotmail.com,Jigawa
Leo Ruiz,proin@google.edu,Goiás
Hannah Kaufman,dignissim@yahoo.couk,Minas Gerais
Donovan Duncan,fusce@aol.net,KwaZulu-Natal
Wayne Jimenez,consectetuer.adipiscing@hotmail.net,Ogun
Walker Clark,sem@yahoo.edu,Kaduna
Elijah Curry,ligula.aliquam@hotmail.net,North West
Eliana Bullock,eu.nibh@yahoo.ca,Maranhão
Molly Stephens,a.dui@outlook.com,Santa Catarina
Kenyon Velazquez,nec@protonmail.couk,Delta
Trevor Barron,integer.aliquam@yahoo.org,Paraná
Arthur Frye,fringilla.porttitor@google.ca,Inverness-shire
Tatiana Mclean,dapibus.ligula@hotmail.com,Bahia
Amy Thompson,conubia@google.com,Lagos
Ariel Stone,turpis.nec.mauris@protonmail.couk,Kano
Zachary Robertson,justo.nec@icloud.couk,Anambra
Brian Faulkner,et@protonmail.org,Minas Gerais
Celeste Horn,magna.ut@yahoo.net,Gloucestershire
Galvin Gilmore,pellentesque.a@icloud.ca,Mpumalanga
August Pickett,blandit.mattis@protonmail.couk,Pernambuco
Lisandra Weeks,accumsan@google.ca,Northern Cape
Callum Tillman,enim@icloud.net,Minas Gerais
Leonard Webb,blandit.enim@google.com,Western Cape
Adele Whitehead,lorem.ut@google.com,Rio Grande do Sul
Suki Valdez,ac.orci@aol.ca,Kirkcudbrightshire
Carol Vasquez,sagittis.augue@protonmail.com,Northern Cape
Daphne Ward,dictum@protonmail.edu,Katsina
Jolene Sims,vitae.odio.sagittis@hotmail.edu,West Lothian
Adria Caldwell,aliquet.diam@aol.ca,Osun
Felicia Medina,magna.suspendisse@google.net,Limpopo
Vincent Sears,rutrum.fusce@yahoo.com,Katsina
Warren Lewis,imperdiet.nec@hotmail.org,Kirkcudbrightshire
Bree Dickerson,sit.amet.risus@outlook.net,Pará
Camilla Solis,a.nunc@aol.net,Santa Catarina
Grady Wilson,diam.dictum@hotmail.edu,Northern Cape
Adrian Mclean,orci.adipiscing@protonmail.com,Angus
Octavia Fields,ullamcorper.duis@yahoo.edu,Anambra
Karly Rice,faucibus.orci@hotmail.com,Rio de Janeiro
Flynn Greene,id@hotmail.net,Limpopo
Brennan Watts,montes.nascetur@outlook.edu,Bahia
Melodie Hoover,dui.nec@yahoo.ca,Maranhão
Arden Pope,nam.tempor@hotmail.edu,Pernambuco
Lillith Preston,eget.tincidunt@hotmail.couk,Pembrokeshire
Jelani Henson,rhoncus.donec@hotmail.ca,Monmouthshire
Gareth Wilkerson,nulla.at@yahoo.edu,Benue
Hiroko David,ornare.facilisis.eget@google.org,Ceará
Hilel Blair,arcu@icloud.org,Norfolk
Otto Tate,justo.proin@icloud.ca,Borno
Sawyer Welch,ipsum.dolor.sit@outlook.org,Banffshire
Grace Maddox,fames@outlook.com,Bauchi
Rama Hartman,sed.hendrerit.a@yahoo.couk,Gauteng
Aquila Bean,tellus.faucibus.leo@outlook.org,Durham
Alan Mcgee,magnis.dis@protonmail.net,Kano
Jordan Joseph,lectus@protonmail.edu,Bauchi
Cara Jacobson,sed.dolor.fusce@aol.couk,Western Cape
William Petty,ac.arcu.nunc@icloud.edu,Goiás
Calista Baxter,purus.ac@outlook.com,Imo
Aidan Frederick,id.enim@yahoo.org,Northamptonshire
Derek Harding,habitant@aol.edu,Paraíba
Clinton Bray,sit.amet@hotmail.org,Hampshire
Joshua Parker,egestas.lacinia@outlook.com,Minas Gerais
Imani Fletcher,lectus.sit@outlook.couk,Devon
Courtney Savage,lacinia.mattis.integer@google.couk,Paraná
Davis Castaneda,donec.porttitor@protonmail.net,Kent
Silas Sampson,vivamus.nisi@icloud.net,Minas Gerais
Ruby Palmer,dui.suspendisse@google.edu,Gauteng
Demetrius Barton,nunc.est.mollis@outlook.edu,Pernambuco
Dillon Bradford,cursus@icloud.com,Paraíba
Keane Burris,nec.enim.nunc@icloud.couk,North West
Amena Mckay,sit.amet@yahoo.org,Kirkcudbrightshire
Quail Mclean,praesent.eu@hotmail.edu,Akwa Ibom
Destiny Gomez,dolor.tempus@outlook.ca,Osun
Giacomo Strickland,senectus@hotmail.org,Limpopo
Simon Avila,rutrum@hotmail.edu,Eastern Cape
Priscilla Howe,eros.nec@protonmail.net,Delta
Burke Cooke,diam.luctus@google.net,Bahia
Phillip Glenn,amet.orci@icloud.edu,Benue
Aurora Leach,sem@outlook.edu,Brecknockshire
Hedy Clarke,donec.sollicitudin@aol.edu,Mpumalanga
Timon Nguyen,ante@protonmail.edu,Gauteng
Duncan Simon,at.augue.id@outlook.edu,KwaZulu-Natal
Glenna Day,nunc.sed@aol.com,Aberdeenshire
Alexander Ellis,scelerisque.dui@yahoo.couk,KwaZulu-Natal
Robert Vaughn,sed@hotmail.couk,Northern Cape
Bevis Gallegos,cras.dictum.ultricies@outlook.org,Oxfordshire
Lara Robles,suscipit.nonummy@protonmail.couk,Bahia
Whitney Brewer,porttitor.scelerisque.neque@outlook.org,Oyo
Michelle Stewart,tristique.pellentesque@icloud.org,Santa Catarina
Lillith Miles,elit.fermentum@outlook.edu,KwaZulu-Natal
Sierra Potter,aenean.massa@aol.couk,Paraná
Catherine Mcpherson,vitae.purus.gravida@aol.ca,Hertfordshire
Ryan Vega,mauris.morbi.non@google.ca,Kogi
Jorden Holden,risus.varius@google.edu,Bahia
Meghan Turner,malesuada@yahoo.com,Borno
Tad Hendrix,in.felis@icloud.com,Goiás
Ayanna Mathews,sed@outlook.edu,Ceará
Nyssa Brown,ac.facilisis.facilisis@hotmail.org,North West
Garrison Kirby,sit@google.edu,Jigawa
Barclay O'Neill,iaculis.nec@yahoo.ca,Paraíba
Mari Pickett,quis.turpis.vitae@outlook.com,Mpumalanga
Mannix Olson,ultrices.posuere.cubilia@protonmail.org,Western Cape
Garrett Estes,feugiat.nec.diam@hotmail.com,Goiás
Mariam Owen,libero.dui@google.org,North West
Briar Cunningham,est.ac.mattis@yahoo.couk,Shetland
Honorato Franco,mauris.magna@outlook.edu,Paraná
Unity Hester,orci@icloud.edu,KwaZulu-Natal
Shea Deleon,et@outlook.couk,Borno
Alden Wiley,magna@hotmail.org,Paraíba
Dahlia Washington,est.mauris@hotmail.com,Radnorshire
Perry Martin,nullam.velit.dui@yahoo.com,Eastern Cape
Rana Gaines,non.luctus@outlook.net,Osun
Benedict Beasley,ornare.tortor@protonmail.net,Ceará
Shelly Chapman,montes@icloud.edu,Aberdeenshire
Victor Walter,vulputate.ullamcorper@outlook.org,Renfrewshire
Cassidy Wilson,ante.blandit@outlook.couk,Pernambuco
Kristen Boone,ut.sagittis@google.ca,Niger
Neil Butler,auctor@google.org,Dorset
Edward Bowers,tempus.lorem.fringilla@google.edu,Gauteng
Jarrod Daniel,nunc.interdum.feugiat@hotmail.ca,Kogi
Kay Ashley,gravida.sit.amet@hotmail.edu,Berkshire
Lucy Stevenson,dapibus.rutrum@yahoo.edu,Lanarkshire
Reece Austin,phasellus.vitae@hotmail.couk,Santa Catarina
Molly Chambers,ipsum.cursus.vestibulum@yahoo.edu,Essex
Ashely Hendrix,dolor.sit@hotmail.couk,Rivers
Clinton Farrell,sollicitudin.adipiscing.ligula@protonmail.edu,Pernambuco
Candice Cannon,vivamus.rhoncus@google.ca,KwaZulu-Natal
Aretha Leonard,dui.semper.et@yahoo.edu,Bahia
Quynn Rocha,interdum.ligula.eu@hotmail.org,Limpopo
Irma Lynn,nunc.ac.sem@icloud.edu,Berkshire
Bruno Rodgers,nunc.mauris@protonmail.ca,North West
Madeline Parks,orci.ut.sagittis@hotmail.ca,Kano
Vivian Gentry,dui@protonmail.couk,Free State
Autumn Mendoza,id@protonmail.edu,Fife
Nero Hunter,mauris@yahoo.org,Eastern Cape
Brady Kramer,enim@protonmail.org,Pará
Alice Elliott,felis.purus@protonmail.edu,Northern Cape
Eaton Talley,aliquam.nisl@hotmail.com,Osun
Dolan Cochran,sem.elit@yahoo.ca,Santa Catarina
Jason Ward,nulla@google.couk,Western Cape
Catherine Griffith,magna@aol.com,Limpopo
Aquila Wallace,eu@icloud.ca,Mpumalanga
Fuller Castaneda,mauris.ipsum@protonmail.couk,Kaduna
Daphne Roth,gravida.nunc@protonmail.net,Stirlingshire
Chastity Hall,montes.nascetur.ridiculus@google.couk,Mpumalanga
Sigourney Rivers,sed@icloud.com,Osun
Sybil Boyle,integer@aol.edu,Rio de Janeiro
Jelani Coffey,vestibulum.mauris.magna@aol.com,Mpumalanga
Katell Peck,tristique.ac@outlook.edu,Akwa Ibom
Arden Brady,nisi.aenean@protonmail.couk,Ceará
Tucker Mcleod,ultrices.a.auctor@yahoo.org,Mpumalanga
Portia Miles,dis.parturient.montes@icloud.org,Northern Cape
John Simmons,sit.amet@yahoo.edu,Fife
Halee Cooper,velit.justo@aol.edu,Maranhão
Ashton Sykes,sem.egestas.blandit@icloud.net,Akwa Ibom
Teegan Stevens,nunc.sed@icloud.couk,Anambra
Cathleen Simpson,sit.amet@yahoo.com,Kincardineshire
Hanae Mullins,nec.diam@icloud.couk,Ogun
Maxine Levine,vestibulum@protonmail.edu,Akwa Ibom
Vaughan Adkins,pellentesque.eget@hotmail.net,Benue
Harlan York,dolor.vitae@hotmail.org,Borno
Grady Mcmillan,mollis.dui.in@outlook.com,Katsina
Zoe Nichols,ut@yahoo.org,Akwa Ibom
Clark Haynes,magna@hotmail.org,Lancashire
Daquan Gardner,non.bibendum@aol.edu,Oyo
Maryam Allison,eget@hotmail.net,North West
Knox Oneil,curae@aol.couk,Westmorland
Benjamin Villarreal,malesuada.fames.ac@google.couk,Minas Gerais
Justine Mason,metus.in@outlook.net,Dunbartonshire
Rigel Bailey,vitae.sodales.nisi@protonmail.couk,Osun
Ignacia Valdez,aliquam.arcu@protonmail.net,Rio Grande do Sul
Vanna Juarez,orci@protonmail.edu,São Paulo
Meredith Valencia,nulla.ante@yahoo.com,Eastern Cape
Bo Callahan,purus.sapien.gravida@icloud.net,Free State
Alyssa Reese,malesuada.fames@protonmail.ca,Northern Cape
Timon Emerson,nullam.scelerisque@yahoo.edu,KwaZulu-Natal
Rafael Richard,sem@yahoo.edu,Lanarkshire
Hiram Montoya,sodales.mauris.blandit@icloud.edu,Northern Cape
Luke Allison,purus.nullam@yahoo.com,KwaZulu-Natal
Adena Nguyen,sagittis.augue@icloud.net,Rio Grande do Sul
Hakeem Wood,posuere@icloud.edu,Benue
Abel Stewart,eget.dictum.placerat@yahoo.edu,Pernambuco
Buckminster Greer,a@aol.com,Ceará
Ian Wilson,adipiscing.mauris@protonmail.edu,Norfolk
Dante Martinez,mollis.vitae@aol.couk,Limpopo
Ciara Mcgee,phasellus.at.augue@yahoo.couk,Katsina
Kaitlin Whitehead,semper.egestas@protonmail.com,Rio Grande do Sul
Charissa Campbell,adipiscing.elit@hotmail.edu,Bauchi
Lucius Banks,ornare.lectus@yahoo.edu,Katsina
Plato Rivas,dictum.cursus@google.couk,Ceará
Kimberly Dawson,lacinia@google.edu,Mpumalanga
Macy Lynch,vel.lectus@icloud.com,Kano
Catherine Preston,molestie.tellus@hotmail.edu,Minas Gerais
Dawn Mckinney,magna.a@yahoo.couk,Surrey
Demetrius Cooper,nec@outlook.org,Anambra
Kelly Maldonado,aliquam@icloud.ca,Free State
Magee Erickson,augue@aol.edu,Kogi
Veda Summers,volutpat.nunc@aol.net,Rio de Janeiro
Dorian Sims,duis.risus.odio@yahoo.ca,São Paulo
Quynn Aguirre,ipsum.ac.mi@google.edu,Kaduna
Leandra English,quis.diam@yahoo.ca,Kogi
Renee Powell,eget.ipsum@yahoo.edu,Mpumalanga
Colin Parsons,risus.donec@aol.ca,Akwa Ibom
Ivor Mckee,purus.mauris@hotmail.edu,Warwickshire
Robert Marks,dolor.nonummy.ac@google.ca,Paraná
Felix Buchanan,lorem.tristique@protonmail.edu,Anambra
Yael Herring,mauris.sit@protonmail.ca,North West
Aidan Carlson,aliquam.erat@aol.com,Delta
Cain Bean,orci.lobortis.augue@outlook.couk,Bauchi
Darius Greene,ac.metus@google.ca,Pará
Lillith Compton,eu.ultrices@protonmail.com,Pará
Dexter Sweet,nec@yahoo.org,Kogi
Rahim Galloway,lacus.mauris@google.net,Pernambuco
Quentin Savage,nulla.eu.neque@google.ca,Maranhão
Lana Chapman,nulla.at.sem@yahoo.com,KwaZulu-Natal
Cynthia Hines,cras@hotmail.ca,Bahia
Piper Perez,suspendisse.sagittis@yahoo.ca,Santa Catarina
Raja Robertson,rutrum@yahoo.net,Free State
Erich Duncan,elit.pellentesque@icloud.org,Gloucestershire
Calvin Spencer,mauris.id@aol.ca,Caithness
Luke Wyatt,magna.nec@aol.ca,Gloucestershire
Damian Sellers,imperdiet.ullamcorper@yahoo.edu,Sutherland
Xyla Bass,proin@outlook.couk,Norfolk
Sylvia Solomon,ante.maecenas@hotmail.com,Anambra
Emmanuel Clay,enim@outlook.net,Cumberland
Kirby Gray,at@google.edu,São Paulo
Azalia Bush,magnis.dis.parturient@outlook.edu,Limpopo
Barbara Velazquez,in.faucibus@protonmail.edu,Flintshire
Travis Hebert,nunc@yahoo.ca,Mpumalanga
Kennedy Hurley,tincidunt.tempus.risus@yahoo.net,North West
Laurel Dodson,vivamus@google.net,Free State
Nathaniel Malone,lectus.cum.sociis@yahoo.couk,Paraná
Latifah Harper,quisque.ac@yahoo.ca,Essex
Kirby Mcgee,fermentum.vel@hotmail.ca,Pernambuco
Kato Foreman,aliquet.molestie.tellus@outlook.net,Mpumalanga
Stewart Bradford,mollis.lectus@outlook.net,Limpopo
Vladimir Lott,morbi@outlook.couk,Berwickshire
Susan Humphrey,praesent.eu@google.org,Bahia
Imelda Melton,aliquam.tincidunt.nunc@protonmail.couk,Lagos
Hall Patel,nisi.cum@icloud.ca,Limpopo
Clinton Diaz,fusce.aliquam.enim@yahoo.edu,São Paulo
Zeph Strong,nisl.arcu@protonmail.net,Ceará
Fredericka Kane,ante.maecenas@hotmail.org,Paraná
Davis Meadows,sed@protonmail.net,Mpumalanga
Garrison Dale,in.consequat.enim@hotmail.org,Paraíba
Quynn Gray,rutrum.magna@icloud.net,Denbighshire
Brielle Eaton,magna.nec.quam@yahoo.net,Western Cape
Vincent Ramsey,nunc@yahoo.org,Pernambuco
Macey Battle,sed.consequat@google.couk,Imo
Tate Allen,erat.vel@aol.couk,Free State
Serena Horn,praesent.eu.dui@yahoo.ca,Cardiganshire
Madison Donovan,morbi.quis@icloud.org,Santa Catarina
Kelly York,ligula@outlook.net,Free State
Ross Goodman,nam.porttitor@hotmail.com,Dunbartonshire
Kane Shelton,pellentesque.tellus@icloud.org,Katsina
Ann Floyd,phasellus.elit@hotmail.org,Sokoto
Ima Ware,et@protonmail.org,Benue
Keegan Hayes,adipiscing.ligula@yahoo.ca,Kano
Baxter Spencer,rutrum.non.hendrerit@yahoo.com,Rivers
Philip Watts,consequat.purus.maecenas@aol.ca,Goiás
Bevis Guerrero,magna@aol.ca,Oyo
Lillian Peters,magna.a@protonmail.org,Northumberland
Reece Spears,aliquam.gravida@outlook.net,Rio Grande do Sul
Cally Riddle,nullam.suscipit.est@aol.org,Bauchi
Octavia Parker,rhoncus@outlook.org,Huntingdonshire
Shafira Hale,fusce.diam.nunc@yahoo.couk,Bahia
Amelia Clarke,tempor@yahoo.net,Western Cape
Todd Kelley,sed.sem.egestas@hotmail.net,Paraná
Yetta Perkins,mauris@yahoo.ca,Benue
Zephania Barton,ipsum.porta@aol.ca,Denbighshire
Brianna Brady,pellentesque.tellus.sem@protonmail.edu,Kano
Gwendolyn Alford,est.mollis.non@protonmail.edu,Paraíba
Zachary Hays,feugiat.metus@hotmail.edu,Limpopo
Dana Payne,elit.pede@icloud.org,Dumfriesshire
Bert Hatfield,rhoncus@icloud.com,Maranhão
Chandler Cotton,lectus@google.com,Western Cape
Aladdin Sheppard,arcu.vestibulum.ante@aol.com,Bauchi
Julie Knox,amet.diam.eu@yahoo.net,Banffshire
Macaulay Moon,gravida.mauris.ut@google.com,Kaduna
Eve Mcleod,ornare.lectus@aol.org,Pará
Alec Cruz,et@hotmail.edu,Katsina
Dara Dawson,quam.elementum@aol.ca,Free State
Mohammad Clayton,cursus.diam@yahoo.couk,Renfrewshire
Nigel Davenport,ac.arcu@aol.edu,Limpopo
Lesley Lott,ac.ipsum@outlook.com,Oyo
Beverly Kennedy,enim@hotmail.ca,Northern Cape
Wesley Dillard,semper.erat@icloud.edu,Argyllshire
Stone Franks,eget@protonmail.com,Benue